Group,Segment,Normalized by Length,Normalized by Weight,Normalized by Cost,Cost,Dollars per Kilogram,Cumulative Diameter Difference per Meter,Cumulative Std Dev
PETG_01,,12.276957696832977,3463.314051770731,0.26923152843931963,45.6,45.6,32.360942480171545,3.4077663511655567
PETG_02,,7.271671077378223,2027.200026070329,0.2909832363896848,24.99,24.99,8.26501681798921,1.0823195736154436
PETG_03,,10.385750245538683,3339.3001577723408,0.2277576808232167,45.6,45.6,13.889835532009728,3.5587844060253717
PETG_04,,7.8046728326354415,1742.076730402499,0.3550806566258163,21.98,21.98,4.342981831804166,1.5220760230877808
PETG_05,,5.736345374970287,1824.0055292708457,0.22954563325211233,24.99,24.99,20.45363498114997,1.3167006330637718
PLA_01,,3.4290011321169263,836.4034991964701,0.05143244535948592,66.67,66.67,6.8884132454486355,1.069508154656249
PLA_02,,3.960142583900203,1251.372385336147,0.1584690909924051,24.99,24.99,16.220162688712676,1.5315765065764955
PLA_03,,10.944956983943584,3570.584590177609,0.5244349297529268,20.87,20.87,10.230797178995243,5.380496564735889
PLA_04,,8.253093188712484,2772.112654104166,0.3954524766992086,20.87,20.87,20.062523825124018,1.4057500720209037
