Group,Segment,Normalized by Length,Normalized by Weight,Normalized by Cost
PETG_01,first,11.069944448543977,520.1286460781748,11.40632995785471
PETG_01,second,9.851339416100924,463.2239682470363,10.158420356294656
PETG_01,third,9.507967753526149,447.04981134110403,9.803723932918947
PETG_01,fourth,12.134604870136261,570.5863521327226,12.512858599401811
PETG_01,fifth,11.967790910348782,562.7781868846052,12.34162690536415
PETG_01,sixth,15.36993481282692,722.7390614094271,15.849540820382172
