Group,Segment,Normalized by Length,Normalized by Weight,Normalized by Cost
PETG_03,first,9.766266971050714,523.6006290469967,11.482469935241156
PETG_03,second,14.260628530678023,764.6426376744192,16.768478896368844
PETG_03,third,11.530715794283825,618.1467991081813,13.555850857635555
PETG_03,fourth,8.49453453746327,455.46963659907834,9.988369223663998
PETG_03,fifth,9.364079061528692,501.99619882656384,11.008688570757979
PETG_03,sixth,7.699821838119514,411.6302425175362,9.026979002577548
