Group,Segment,Normalized by Length,Normalized by Weight,Normalized by Cost
PETG_05,first,4.02491551576853,213.40766175664848,8.539722359209623
PETG_05,second,5.732876553844676,303.97511611722376,12.163870192766058
PETG_05,third,4.8999590281193655,259.81121354223706,10.396607184563308
PETG_05,fourth,4.514135926355657,239.35366120218566,9.577977639143084
PETG_05,fifth,5.645775523448515,299.1632652611953,11.971319138103054
PETG_05,sixth,9.403493433696118,497.0895386605996,19.89153816168866
