Group,Segment,CAE,Normalized by Length,Normalized by Weight,Normalized by Cost,Average Deviation,Avg Dev Normalized by Length,Avg Dev Normalized by Weight,Avg Dev Normalized by Cost
PETG_02,first,275.6351080715174,5.940018797711388,275.6351080715174,11.02981624936044,0.008850628008589968,0.0001907336736252573,0.008850628008589968,0.0003541667870584221
PETG_02,second,331.93424544170256,7.143647951587948,331.93424544170256,13.282682890824432,0.010644035447866042,0.00022907320672079358,0.010644035447866042,0.0004259317906308941
PETG_02,third,338.16872294474075,7.276888468997325,338.16872294474075,13.532161782502632,0.010842563818806014,0.00023331586357361008,0.010842563818806014,0.000433876103193518
PETG_02,fourth,355.84490362546796,7.65946385407674,355.84490362546796,14.239491941795437,0.011412601142574341,0.00024565310628854196,0.011412601142574341,0.0004566867203911301
PETG_02,fifth,295.71706622039574,6.363799970440182,295.71706622039574,11.83341601522192,0.00948206195595587,0.00020405296984128584,0.00948206195595587,0.00037943425193901045
PETG_02,sixth,424.8493473883709,9.1418336067181,424.8493473883709,17.000774205216924,0.013621332074009968,0.00029310143016088807,0.013621332074009968,0.0005450713114849928
