Group,Segment,CAE,Normalized by Length,Normalized by Weight,Normalized by Cost,Average Deviation,Avg Dev Normalized by Length,Avg Dev Normalized by Weight,Avg Dev Normalized by Cost
PETG_04,first,294.25753264449986,7.9376317099122735,294.25753264449986,13.387512859167419,0.011827071247769287,0.00031903664428907855,0.011827071247769287,0.0005380833142752178
PETG_04,second,268.24273540749977,7.197116873812404,268.24273540749977,12.203946105891708,0.010723704141980482,0.00028772354976462796,0.010723704141980482,0.000487884628843516
PETG_04,third,235.4800185384998,6.317062950608442,235.4800185384998,10.713376639604176,0.00941242379640658,0.0002525007175077321,0.00941242379640658,0.00042822674232968966
PETG_04,fourth,246.7350383309998,6.658383009933528,246.7350383309998,11.22543395500454,0.009920990684800957,0.00026772750341509964,0.009920990684800957,0.0004513644533576413
PETG_04,fifth,295.94281412499976,7.980846961824488,295.94281412499976,13.464186265923555,0.011891461973118486,0.0003206833672931445,0.011891461973118486,0.0005410128286223151
PETG_04,sixth,345.39099494049975,9.350788094909989,345.39099494049975,15.713876020950853,0.013932674261415883,0.00037720000382855944,0.013932674261415883,0.0006338796297277471
