Group,Segment,Normalized by Length,Normalized by Weight,Normalized by Cost
PETG_04,first,7.9376317099122735,294.25753264449986,13.387512859167419
PETG_04,second,7.197116873812404,268.24273540749977,12.203946105891708
PETG_04,third,6.317062950608442,235.4800185384998,10.713376639604176
PETG_04,fourth,6.658383009933528,246.7350383309998,11.22543395500454
PETG_04,fifth,7.980846961824488,295.94281412499976,13.464186265923555
PETG_04,sixth,9.350788094909989,345.39099494049975,15.713876020950853
