Group,Segment,CAE,Normalized by Length,Normalized by Weight,Normalized by Cost,Average Deviation,Avg Dev Normalized by Length,Avg Dev Normalized by Weight,Avg Dev Normalized by Cost
PETG_01,first,520.1286460781748,11.069944448543977,520.1286460781748,11.40632995785471,0.016494217228330527,0.0003510478990468693,0.016494217228330527,0.00036171529009496766
PETG_01,second,463.2239682470363,9.851339416100924,463.2239682470363,10.158420356294656,0.014678495729990375,0.0003121661517238394,0.014678495729990375,0.00032189683618399944
PETG_01,third,447.04981134110403,9.507967753526149,447.04981134110403,9.803723932918947,0.014166871952753962,0.000301304593532962,0.014166871952753962,0.0003106770165077623
PETG_01,fourth,570.5863521327226,12.134604870136261,570.5863521327226,12.512858599401811,0.01808056125650303,0.0003845175508630541,0.01808056125650303,0.0003965035363268208
PETG_01,fifth,562.7781868846052,11.967790910348782,562.7781868846052,12.34162690536415,0.017832008456419683,0.00037920757003639987,0.017832008456419683,0.00039105281702674744
PETG_01,sixth,722.7390614094271,15.36993481282692,722.7390614094271,15.849540820382172,0.022901202871112112,0.00048702223811993153,0.022901202871112112,0.000502219361208599
