Group,Segment,Normalized by Length,Normalized by Weight,Normalized by Cost
PETG_02,first,5.940018797711388,275.6351080715174,11.02981624936044
PETG_02,second,7.143647951587948,331.93424544170256,13.282682890824432
PETG_02,third,7.276888468997325,338.16872294474075,13.532161782502632
PETG_02,fourth,7.65946385407674,355.84490362546796,14.239491941795437
PETG_02,fifth,6.363799970440182,295.71706622039574,11.83341601522192
PETG_02,sixth,9.1418336067181,424.8493473883709,17.000774205216924
