Group,Segment,CAE,Normalized by Length,Normalized by Weight,Normalized by Cost,Average Deviation,Avg Dev Normalized by Length,Avg Dev Normalized by Weight,Avg Dev Normalized by Cost
PETG_05,first,213.40766175664848,4.02491551576853,213.40766175664848,8.539722359209623,0.00599712411849511,0.00011310708207864354,0.00599712411849511,0.00023998095712265348
PETG_05,second,303.97511611722376,5.732876553844676,303.97511611722376,12.163870192766058,0.008541986065228567,0.00016109921187671208,0.008541986065228567,0.0003418161690767734
PETG_05,third,259.81121354223706,4.8999590281193655,259.81121354223706,10.396607184563308,0.007300938951897855,0.00013769344765130574,0.007300938951897855,0.0002921544198438517
PETG_05,fourth,239.35366120218566,4.514135926355657,239.35366120218566,9.577977639143084,0.006726062530269928,0.00012685145636923668,0.006726062530269928,0.00026915016127530725
PETG_05,fifth,299.1632652611953,5.645775523448515,299.1632652611953,11.971319138103054,0.008412205529938287,0.00015875419743690113,0.008412205529938287,0.00033662287034566974
PETG_05,sixth,497.0895386605996,9.403493433696118,497.0895386605996,19.89153816168866,0.014011205216207216,0.0002650513961806223,0.014011205216207216,0.0005606724776393444
