Group,Segment,CAE,Normalized by Length,Normalized by Weight,Normalized by Cost,Average Deviation,Avg Dev Normalized by Length,Avg Dev Normalized by Weight,Avg Dev Normalized by Cost
PLA_04,first,649.3060011684914,11.59348301879315,649.3060011684914,31.111931057426517,0.017274289698001793,0.0003084357512715002,0.017274289698001793,0.000827709137422223
PLA_04,second,559.9569853506666,9.997873241701738,559.9569853506666,26.830713241526908,0.014896831130135589,0.000265978697004489,0.014896831130135589,0.0007137916209935596
PLA_04,third,398.9142970627681,7.123259708647302,398.9142970627681,19.1142451874829,0.010613656965884479,0.00018952400448709063,0.010613656965884479,0.0005085604679388825
PLA_04,fourth,346.36093276642697,6.18401175463321,346.36093276642697,16.596115609316097,0.009214177514403484,0.00016451215096124528,0.009214177514403484,0.00044150347457611326
PLA_04,fifth,369.75922102897357,6.601770444962935,369.75922102897357,17.717260231383495,0.009836637962994775,0.00017562571016129118,0.009836637962994775,0.000471329083037603
PLA_04,sixth,443.3015430624061,7.93719491345222,443.3015430624061,21.241089749037187,0.011826420421043808,0.00021174887721300343,0.011826420421043808,0.0005666708395325256
