Group,Segment,CAE,Normalized by Length,Normalized by Weight,Normalized by Cost,Average Deviation,Avg Dev Normalized by Length,Avg Dev Normalized by Weight,Avg Dev Normalized by Cost
PLA_03,first,496.46383646743334,9.123441463345504,496.46383646743334,23.788396572469253,0.013593927780384802,0.00024981357200913183,0.013593927780384802,0.0006513621360989363
PLA_03,second,458.1081401475782,8.418815104485878,458.1081401475782,21.950557745451757,0.012544034505683959,0.0002305261529158236,0.012544034505683959,0.00060105579806823
PLA_03,third,456.7338568624824,8.394019109496474,456.7338568624824,21.884708043243048,0.012507088473149746,0.00022985977078417423,0.012507088473149746,0.000599285504223754
PLA_03,fourth,441.8039526743604,8.119631960010903,441.8039526743604,21.169331704569256,0.012098251620416244,0.0002223460200452079,0.012098251620416244,0.0005796958131488377
PLA_03,fifth,679.4066039975738,12.485695141718317,679.4066039975738,32.55422156193454,0.01860368576116029,0.0003418865044282124,0.01860368576116029,0.0008914080383881308
PLA_03,sixth,540.045165846338,9.964984604396221,540.045165846338,25.876625100447438,0.01484782706055037,0.0002739740625865012,0.01484782706055037,0.0007114435582439084
