Group,Segment,CAE,Normalized by Length,Normalized by Weight,Normalized by Cost,Average Deviation,Avg Dev Normalized by Length,Avg Dev Normalized by Weight,Avg Dev Normalized by Cost
PLA_02,first,164.55319833630492,3.124052732459367,164.55319833630492,6.584761838187472,0.004654838571364457,8.837240056743423e-05,0.004654838571364457,0.00018626805007460813
PLA_02,second,207.07436114459824,3.935550117664868,207.07436114459824,8.286288961368477,0.005863969675320654,0.00011144762885240189,0.005863969675320654,0.000234652648072055
PLA_02,third,263.881153186268,5.018886419685863,263.881153186268,10.559469915416889,0.007478140765331936,0.0001422304650348815,0.007478140765331936,0.0002992453287447754
PLA_02,fourth,250.38133841310685,4.754850364172093,250.38133841310685,10.019261241020683,0.007084727042616418,0.0001345420436369116,0.007084727042616418,0.0002835024826977358
PLA_02,fifth,192.56817537507337,3.6562290980470564,192.56817537507337,7.7058093387384305,0.0054477813560901145,0.00010343524663480413,0.0054477813560901145,0.0002179984536250546
PLA_02,sixth,223.44790643061307,4.2416924868588515,223.44790643061307,8.94149285436627,0.006320121805419688,0.00011997433140599211,0.006320121805419688,0.0002529060346306398
