Group,Segment,Normalized by Length,Normalized by Weight,Normalized by Cost
PLA_02,first,3.124052732459367,164.55319833630492,6.584761838187472
PLA_02,second,3.935550117664868,207.07436114459824,8.286288961368477
PLA_02,third,5.018886419685863,263.881153186268,10.559469915416889
PLA_02,fourth,4.754850364172093,250.38133841310685,10.019261241020683
PLA_02,fifth,3.6562290980470564,192.56817537507337,7.7058093387384305
PLA_02,sixth,4.2416924868588515,223.44790643061307,8.94149285436627
