Group,Segment,Normalized by Length,Normalized by Weight,Normalized by Cost
PLA_03,first,9.123441463345504,496.46383646743334,23.788396572469253
PLA_03,second,8.418815104485878,458.1081401475782,21.950557745451757
PLA_03,third,8.394019109496474,456.7338568624824,21.884708043243048
PLA_03,fourth,8.119631960010903,441.8039526743604,21.169331704569256
PLA_03,fifth,12.485695141718317,679.4066039975738,32.55422156193454
PLA_03,sixth,9.964984604396221,540.045165846338,25.876625100447438
