Group,Segment,Normalized by Length,Normalized by Weight,Normalized by Cost
PLA_01,first,3.3546159282331085,136.3857348244752,2.045683738180219
PLA_01,second,3.022488949088982,122.86471982847796,1.8428786534944945
PLA_01,third,3.59998401227656,146.35609002469923,2.195231588791049
PLA_01,fourth,2.70091899734802,109.78479466900443,1.6466895855557886
PLA_01,fifth,2.9050265744078905,118.01626883133439,1.770155524693781
PLA_01,sixth,4.177115905580991,169.794289540031,2.5467870037502776
