Group,Segment,CAE,Normalized by Length,Normalized by Weight,Normalized by Cost,Average Deviation,Avg Dev Normalized by Length,Avg Dev Normalized by Weight,Avg Dev Normalized by Cost
PLA_01,first,136.3857348244752,3.3546159282331085,181.8476464326336,2.727714696489504,0.004998377733067332,0.00012294275189595795,0.006664503644089776,9.996755466134664e-05
PLA_01,second,122.86471982847796,3.022488949088982,163.8196264379706,2.457294396569559,0.004503508534142583,0.00011078692724466616,0.006004678045523445,9.007017068285167e-05
PLA_01,third,146.35609002469923,3.59998401227656,195.14145336626564,2.9271218004939845,0.005363976178292073,0.00013194004076512954,0.007151968237722764,0.00010727952356584147
PLA_01,fourth,109.78479466900443,2.70091899734802,146.37972622533923,2.1956958933800887,0.004024369306048549,9.900729462419427e-05,0.005365825741398066,8.048738612097099e-05
PLA_01,fifth,118.01626883133439,2.9050265744078905,157.35502510844586,2.3603253766266876,0.004328489595867757,0.00010654782961334643,0.005771319461157009,8.656979191735513e-05
PLA_01,sixth,169.794289540031,4.177115905580991,226.39238605337468,3.39588579080062,0.006223902699315677,0.0001531144718148525,0.008298536932420903,0.00012447805398631354
