Group,Segment,Normalized by Length,Normalized by Weight,Normalized by Cost
PLA_04,first,11.59348301879315,649.3060011684914,31.111931057426517
PLA_04,second,9.997873241701738,559.9569853506666,26.830713241526908
PLA_04,third,7.123259708647302,398.9142970627681,19.1142451874829
PLA_04,fourth,6.18401175463321,346.36093276642697,16.596115609316097
PLA_04,fifth,6.601770444962935,369.75922102897357,17.717260231383495
PLA_04,sixth,7.93719491345222,443.3015430624061,21.241089749037187
