Group,Segment,Normalized by Length,Normalized by Weight,Normalized by Cost
PETG_01,overall,11.650943368511266,3286.7162110495165,72.07710989143676
PETG_02,overall,7.255057864590831,2022.4496760705847,80.930359186498
PETG_03,overall,10.187254316201601,3275.508695268646,71.83133103659311
PETG_04,overall,7.557810448599276,1685.4769821394987,76.68230128023197
PETG_05,overall,5.70125888747997,1812.8659475466525,72.54365536401171
PLA_01,overall,3.294783974389154,1071.5535862477211,16.07330379371582
PLA_02,overall,4.12437562533947,1303.2686715083635,52.151607503335875
PLA_03,overall,9.413960267201102,3071.139981148889,147.15572501911302
PLA_04,overall,8.239766742595497,2767.6610190071215,132.61432769559758
