Group,Segment,Normalized by Length,Normalized by Weight,Normalized by Cost
PETG_01,overall,12.276957696832977,3463.314051770731,75.94986955637567
PETG_02,overall,7.271671077378223,2027.200026070329,81.12044922250216
PETG_03,overall,10.385750245538683,3339.3001577723408,73.2302666178145
PETG_04,overall,7.8046728326354415,1742.076730402499,79.2573580710873
PETG_05,overall,5.736345374970287,1824.0055292708457,72.98941693760888
PLA_01,overall,3.4290011321169263,836.4034991964701,12.545425216686217
PLA_02,overall,3.960142583900203,1251.372385336147,50.07492538359933
PLA_03,overall,10.944956983943584,3570.584590177609,171.08694730127496
PLA_04,overall,8.253093188712484,2772.112654104166,132.8276307668503
