Group,Segment,CAE,Normalized by Length,Normalized by Weight,Normalized by Cost,Average Deviation,Avg Dev Normalized by Length,Avg Dev Normalized by Weight,Avg Dev Normalized by Cost
PETG_03,overall,3275.486143772776,10.187231386710513,3275.486143772776,71.83083648624509,0.015178974766198665,4.720878714455428e-05,0.015178974766198665,0.00033287225364470757
