Group,Segment,CAE,Normalized by Length,Normalized by Weight,Normalized by Cost,Average Deviation,Avg Dev Normalized by Length,Avg Dev Normalized by Weight,Avg Dev Normalized by Cost
PETG_01,overall,3286.50602609307,11.650382898953346,3286.50602609307,72.07250057221644,0.017359070519440484,6.153642096370445e-05,0.017359070519440484,0.0003806813710403615
