Group,Segment,CAE,Normalized by Length,Normalized by Weight,Normalized by Cost,Average Deviation,Avg Dev Normalized by Length,Avg Dev Normalized by Weight,Avg Dev Normalized by Cost
PETG_04,overall,1686.0491339869984,7.571150616498667,1686.0491339869984,76.70833184654224,0.011281014418583013,5.065704050273765e-05,0.011281014418583013,0.0005132399644487267
