Group,Segment,CAE,Normalized by Length,Normalized by Weight,Normalized by Cost,Average Deviation,Avg Dev Normalized by Length,Avg Dev Normalized by Weight,Avg Dev Normalized by Cost
PETG_02,overall,2022.1493936921954,7.254601088813635,2022.1493936921954,80.91834308492179,0.010809355622332314,3.877931240478973e-05,0.010809355622332314,0.0004325472437908089
