Group,Segment,CAE,Normalized by Length,Normalized by Weight,Normalized by Cost,Average Deviation,Avg Dev Normalized by Length,Avg Dev Normalized by Weight,Avg Dev Normalized by Cost
PLA_04,overall,2767.598980439733,8.239728248564472,2767.598980439733,132.6113550761731,0.012277195090361064,3.655180967840654e-05,0.012277195090361064,0.0005882700091212775
