Group,Segment,CAE,Normalized by Length,Normalized by Weight,Normalized by Cost,Average Deviation,Avg Dev Normalized by Length,Avg Dev Normalized by Weight,Avg Dev Normalized by Cost
PLA_02,overall,1301.9061328859648,4.121618459362692,1301.9061328859648,52.09708414909824,0.006141211504450411,1.9442055045461883e-05,0.006141211504450411,0.00024574675888156905
