Group,Segment,CAE,Normalized by Length,Normalized by Weight,Normalized by Cost,Average Deviation,Avg Dev Normalized by Length,Avg Dev Normalized by Weight,Avg Dev Normalized by Cost
PLA_01,overall,803.2018977180222,3.2934076840695523,1070.9358636240297,16.064037954360444,0.004907177449263634,2.012113761734586e-05,0.006542903265684845,9.814354898527267e-05
