Group,Segment,CAE,Normalized by Length,Normalized by Weight,Normalized by Cost,Average Deviation,Avg Dev Normalized by Length,Avg Dev Normalized by Weight,Avg Dev Normalized by Cost
PLA_03,overall,3072.561555995767,9.41741456398663,3072.561555995767,147.2238407281153,0.014031947700340079,4.300798087394394e-05,0.014031947700340079,0.000672350153346434
